config,seed,rel_l2,zpe,robustness,wall_s
adam,0,6.898622035980225,745.7796630859375,12458.912350463866,94.96111702919006
adam,1,7.615746021270752,5934.63037109375,9437.33942565918,74.89843583106995
adam,2,0.09166360646486282,6874.29443359375,11538.460493469238,67.87012553215027
adam+balance,0,0.008839104324579239,571.9065551757812,10.213577093183995,57.62171649932861
adam+balance,1,0.013867320492863655,1158.870361328125,11.80291458927095,36.463865995407104
adam+balance,2,0.011134724132716656,1533.1728515625,12.775289251655341,38.556445837020874
casimir+balance,0,0.024342097342014313,954.3419189453125,8.312644340097904,39.54344892501831
casimir+balance,1,0.01231288444250822,353.9515075683594,8.488474411191419,51.161606550216675
casimir+balance,2,0.006993745919317007,75.08338165283203,7.055525636626408,49.60674047470093
